,Komentar,jumlahlike,tanggal,waktu,komentator,Sentimen
0,kalo udh di vaksin jangan fake masker kan kuat haha,0,2021-09-02,10:02:43,rifkyslow8106,neutral
1,sy org desa tdk tau akal musibah saat ini entah knp vaksin masuk ke desa sy banyak yg sakit setelah divaksin kalau tdk mau divaksin maka diancam tdk akan mendptkan tunjangan pkh politik macam apa lagi,0,2021-06-02,20:25:39,systergamebling3120,negative
2,umaku ikeba koronawakuchin wa kotoshi 2030 nen made shippai shimasu koronawakuchin wa shippai shimasu men furui mono ga kotoshi shippai suru made atarash koronawakuchin 2021 2030 koronawakuchin wa shippai shimashita men wa kotoshi koronasupirittokorona ni ikimashou 2021 2030 korona ni ikimasu,1,2021-05-03,09:38:47,awfulwinners6810,neutral
3,pernah dengar sunda empire bilang semua negara didunia harus daftar ulang itu ainya semua negara di seluruh dunia di vaksin total bener juga rangga sasana hehe,0,2021-02-14,21:50:17,blasphemian4868,negative
4,vaksin diri dengan berpuasa sunah jauhkan diri dari maksiat perbanyak sodakoh subuh itu cinta bagi jiwa perindu surga,0,2021-02-06,21:07:04,palmcis365,positive
5,mau jualan obat ya dibuat penyakitnya dulu,0,2021-01-31,13:43:34,sigithermanto532,positive
6,vaksin celeng haram,0,2021-01-27,10:20:51,Palembang-sk5zt,negative
7,rakyat sdh muak sm isu corona yg membuat susah rakyat hentikanlah sandiwara busuk ini,0,2021-01-27,10:17:55,Palembang-sk5zt,negative
8,bismillah jaw titan,0,2021-01-27,02:28:19,julianevan9503,positive
9,surat penolakan layanan kesehatan vaksinasi imunisasidengan hormat sepei telah kita ketahui dan pahami bersama di dalam uu praktik kedokteran 29 tahun 2004hak dan kewajiban pasien pasal 52 pasien dalam menerima pelayanan pada praktik kedokteran mempunyai hak 1 mendapatkan penjelasan secara lengkap tentang tindakan medis sebagaimana dimaksud pasal 45 ayat 3 2 meminta pendapat dokter atau dokter gigi lain3 mendapatkan pelayanan sesuai dengan kebutuhan medis 4 menolak tindakan medis dan5 mendapatkan isi rekam medismaka kami selaku orang tua yang beanda tangan di bawah ini nama hubungan dengan subjek tanggal lahir alamat dengan ini menyatakan menolak dilakukannya tindakan vaksinasi imunisasi pada nama tanggal lahir jenis kelamin alamat dengan alasan 1 uud 1945 pasal 29 ayat 2 negara menjamin kemerdekaan tiap tiap penduduk untuk memeluk agamanya masing masing dan beribadah menurut agamanya dan kepercayaannya itu hal ini terkait status kehalalan vaksin yang sudah diberitahukan oleh mui bahwa vaksin pada anak belum berseifikasi halal menjalani hidup dan kehidupan adalah pilihan halal dan haram adalah ketentuan la iqraha fiddin tidak ada pemaksaan dalam agama apalagi untuk perkara duniawi 2 uud 1945 pasal 28g ayat 1 setiap orang berhak atas perlindungan diri pribadi keluarga kehormatan dan haa benda dibawah kekuasaannya sea berhak atas rasa aman dan perlindungan dari ancaman ketakutan untuk berbuat atau tidak berbuat sesuatu yang merupakan hak asasi setiap orang berhak mendapatkan rasa aman dan bebas dari ancaman 3 uud 1945 pasal 28i ayat 1 2 1 hak untuk hidup hak untuk tidak disiksa hak kemerdekaan pikiran dan hati nurani hak beragama hak untuk tidak diperbudak hak untuk diakui sebagai pribadi dihadapan hukum dan hak untuk tidak dituntut atas dasar hukum yang berlaku surut adalah hak asasi manusia yang tidak dapat dikurangi dalam keadaan apapun 2 setiap orang berhak bebas dari perlakuan diskriminatif atas dasar apapun dan berhak mendapatkan perlindungan terhadap perlakuan yang bersifat diskriminatif 4 pasal 28b ayat 2 setiap orang berhak atas kelangsungan hidup tumbuh dan berkembang sea berhak atas perlindungan dari kekerasan dan diskriminasi dengan demikian kami berhak atas perlindungan dari intimidasi sea diskriminasi karena pilihan kami untuk tidak memberikan vaksin pada anak kami 5 permenkes no 290 menkes per iii 2008 dan uu no 29 tahun 2004 pasal 45 tentang informed consent yaitu persetujuan tindakan kedokteran yang diberikan oleh pasien atau keluarga terdekatnya setelah mendapatkan penjelasan secara lengkap mengenai tindakan kedokteran yang akan dilakukan terhadap pasien di indonesia informed consent secara yuridis formal terdapat pada pernyataan ikatan dokter indonesia idi melalui sk pb idi no 319 pb a 4 88 tahun 1988 dipeegas dengan permenkes no 585 tahun 1989 tentang persetujuan tindakan medik informed consent 6 uu no 35 tahun 2014 pasal 3 ayat 1 negara pemerintah dan pemerintah daerah menjamin perlindungan pemeliharaan dan kesejahteraan anak dengan memperhatikan hak dan kewajiban orang tua wali atau orang lain yang secara hukum beanggung jawab terhadap anak 7 uu no 35 tahun 2014 pasal 45 ayat 1 orang tua dan keluarga beanggung jawab menjaga kesehatan anak dan merawat sejak dalam kandungan ini bentuk perlindungan kami atas status kehalalan dan keamanan vaksin dan perlindungan terhadap kejadian ikutan paska imunisasi kipi efek negatif vaksin vitamin k sintetis dan sejenisnya 8 uu no 33 tahun 2014 tentang jaminan produk halal produk halal adalah produk yang telah dinyatakan halal sesuai syariat islam yang masuk beredar dan diperdagangkan di wilayah indonesia wajib berseifikat halal 9 uu no 8 tahun 1999 tentang perlindungan konsumen yang mengatur barang atau jasa yang bersifat halal,0,2021-01-27,00:34:39,kuerangie9064,positive
10,pelajar kapan,0,2021-01-21,09:25:15,11_aurelferdinanpradinta79,neutral
11,orang indonesia kebal virus,0,2021-01-19,11:40:38,51n_yt26,positive
12,50 50di suntik vaksin atau tdk hasilnya sama 50 50,1,2021-01-16,03:12:40,manusiaaja5884,neutral
13,gratis bayar sih,0,2021-01-15,11:22:33,ericd.k982,neutral
14,bagi yg gak mau vaksin cukup diam aja di rumah gak usah sok komen sepei orang ahli yg malah meracuni pikiran masyarakat apalagi itu gratisss,0,2021-01-13,13:30:00,dikirobertus7455,negative
15,umur 17 taun kebawah nyimak kaga vaksin v,0,2021-01-13,06:14:01,rhadtyarmdhnny1080,neutral
16,sya hnya mau tau vaksin itu terbuat dari apa halal ap g dan ai vaksin itu ap,0,2021-01-13,03:38:32,kaptenjack1002,negative
17,wkwk buatan china,0,2021-01-13,03:32:11,mekistore7724,positive
18,kardun jng dvaksin biarin mreka kena covid trus modar biar negara aman vaksin aj pakek kencing onta,0,2021-01-13,03:23:09,jabriksial6228,negative
19,serius nanya vaksin tu untuk yang sehat atau sakit sudah ada uji coba dalam 5 tahun nggk reaksi nya main suntik aja tu,0,2021-01-13,02:09:40,gemunime944,negative
20,dokter nakes di vaksin pake h2o masyarakat di vaksin pake obat berbahaya pada is dead,0,2021-01-13,00:15:42,edixpayne8117,neutral
21,yang mau di vaksin like yang gsk mau komen,0,2021-01-12,17:15:59,menjoxaudio7505,neutral
22,vaksin tahap peama itu seharsnya org yg bekerja di kantor media dong toh kalo vaksin tu aman kan msyrkt bisa pcya lawong yg nyampein berita dah di vaksinye kan,0,2021-01-12,15:47:04,manto1655,neutral
23,nahh dluaan dahh gua mah belakangan mau liaat kalo gapapa baru dah ga juga vaksin wkwk,0,2021-01-12,12:41:49,anastasyahelmi3006,negative
24,arab saudi vaksin made in jerman cina vaksin made in jerman indonesia vaksin made in cina negara indonesia bahan percobaan orang cina org cina ajah kaga mau di vaksin made in negara nya sendiri parahhh wkwkek,0,2021-01-12,03:57:50,aldyanhmm5321,negative
25,menunggu orang yg suka konspirasi komen,0,2021-01-11,23:19:01,f.b.i.4410,negative
26,di cianjur ktnya bnyak yg meninggal stlah di vaksin apa ada yg tau jwban y,0,2021-01-11,13:04:28,aduhaitiktok865,negative
27,serius bang,0,2021-01-12,21:33:18,siangmalam1934,neutral
28,serius bang kasih tau infonya,0,2021-01-19,08:41:31,ads9050,positive
29,serius bro cuman ga di publikasikan tapi saya masih ragu juga itu sya dapat info dari sodara ibu sya yg tinggal di cianjur,0,2021-01-20,16:51:07,aduhaitiktok865,neutral
30,aduhaitiktok865 takut saya bang auto kabur ke hutan,0,2021-01-20,17:57:41,siangmalam1934,neutral
31,yang tk mau dipakai klw dipaksa lawan sampei tetes darah penghabisan,0,2021-01-11,12:28:54,AdemulyanaAdemulyana,negative
32,negara yg punya vaksinnya aja makin bludak jumlahnya kok kita pake jga yg blm tau hasilnya,0,2021-01-11,05:59:47,tirtachandra4747,negative
33,kakak kandung sy di sweb di tempat kerjanya dengan hasil positif corona lalu di karantina 2 minggu selama di karantina cuma di kasih vitamin beres 2 mnggu di nyatakan sembuh kesimpulannya jika dengan vitamin bisa menyembuhlan corona mungkin tidak banyak korban meninggal karena corona dan ngapain repot2 di vaksin beli aja vitamin c di apotek,1,2021-01-11,05:04:51,ipmlbanten1215,positive
34,tiati jdi titan,0,2021-01-11,03:31:58,rian770,negative
35,kalo saya sekeluarga tidak akan suntik vaksin ogahhhh,1,2021-01-11,03:05:09,panglimamuda9586,neutral
36,yg gak mau divaksin jangan dipaksa,0,2021-01-11,02:17:19,antototo9515,negative
37,gratis apa bayar ya,0,2021-01-11,02:13:56,imanmutakin1417,neutral
38,2 2 dan 2 2 hati hati sma 2021 karna masker dan suntik akan menyatu,0,2021-01-10,18:58:42,juanbsw9642,positive
39,knapa perlu di bayar dok,0,2021-01-10,18:38:35,hidayatrendy4437,neutral
40,rakyat cina yg 2 miliar sudah divaksin belum jangan2 bukan vaksin tolong ahli laboratorium di cek dulu kandungan vaksin sebelum di kasih kerakyat indonesia,0,2021-01-10,18:17:05,nopriyanto8377,negative
41,pondok psantren madinatin ulum pas di faksin 80 100 org langsung pingsan amp kjang2 aparat yg keparat di faksin jokowi ma 39 ruf mega dan ja2ran karpet merah tpi di saksikan oleh masyarakat paksin pembunuhan secara masal hti2 ummat muslim hati2,0,2021-01-10,15:09:03,suhardigayo4905,negative
42,vaksin membunuh,2,2021-01-10,14:15:10,ramajaya3820,negative
43,hrusnya di uji coba ke penganten baru curiga dampaknya apa bisa bikin orang mandul itu yg dangat brbahaya,0,2021-01-10,14:13:16,tawfikistar7627,negative
44,presiden aja dulu gw g mau ajg,0,2021-01-10,13:44:10,prolirjeruk738,negative
45,ternyata org kesehatan tidak mau divaksin,0,2021-01-10,13:16:11,kartunnew775,neutral
46,seharusnya yg fi vaksin khusus yg punya riwayat penyakit saja yg tdk punya riwayat penyakit lain tdk usah kan gak ada yg meninggal yg terkena coronna tapi tdk punya riwayat penyakit kenapa di vaksin semua,0,2021-01-10,07:08:39,parjionoparji4936,neutral
47,maaf saya gk masih banyak beanya tanya tentang vaksin,0,2021-01-10,04:17:02,sumuraix344,negative
48,knp hrus d vaksin,0,2021-01-10,04:12:50,akbarhakim6905,neutral
49,rakyat jangan mau di vaksin dr cina bahaya bs sebabkan lumpuh cina aja beli vaksin sm jerman,0,2021-01-10,02:19:20,Palembang-sk5zt,negative
50,kediri nganjuk para dokter dapat uang puluhan juta gara2 pasien mati sakit lambung lalu di vonis corona pihak keluarga di suruh tanda tangan supaya para dokter dapat uang dari pemerintah sedangkan di madiun ada kasus para perawat corona atau relawan dapat uang 7 juta per orang,0,2021-01-09,17:14:04,masmatmat6244,neutral
51,pasien corona indonesia banyak yang sembuh kenapa nggk di cari aja obatnya yang bisa nyembuhin pasien corona kenapa harus bingung dan berlomba lomba datangin vaksin dari luar negri,0,2021-01-09,17:11:24,masmatmat6244,positive
52,china memang hebat kirim covid 19 ke indonesia sekarang kirim vaksin penyakit aja jadi bisnis,2,2021-01-09,14:03:36,damsirdamsir271,neutral
53,dinegaranya jumlahnya mkin byk sdh dicoba blm vaksin dinegaranya,0,2021-01-11,06:00:57,tirtachandra4747,negative
54,mungkin sudah direncanakan mungkin yaaa karena untuk membuat vaksin saja memerlukan waktu tahunan virus jg mutasinya bisa tahunan kecuali dibantu di lab,0,2021-01-18,09:25:46,fakta485,positive
55,vaksin dri cina racun yg berlahan membunuhmu,0,2021-01-09,13:17:57,kalimantanboss2121,negative
56,klo gua nnti aj lah blakngn,0,2021-01-09,12:02:19,setiarso8195,positive
57,jangan terima vaksin kita belum tau apa isi vaksin itu apa yang kirim vaksin itu apa sdh merka uji pada masyarakatnya kita jangn mau jdi uji coba sepei binatang,3,2021-01-09,03:22:38,putravanhouten3441,negative
58,loh yg diujicoba pak jokowi juga kok nakes juga ntar priority peama,0,2021-01-09,16:09:26,ulungrinjanidharma8609,positive
59,benar rakyat cina jumlahnya 2 miliar tidak di vaksin jangan jangan racun yg membunuh secara halus,0,2021-01-10,18:20:02,nopriyanto8377,negative
60,nopriyanto8377 loh sedih banget ya idup isinya suuzon semua rakyat cina belom divaksin gegara ada tahapannya hhhhhh mang nyuntik 2 miliar orang gampang gitu seminggu kelar kita aja yg cuma 270 juta butuh beaon taon apalagi cina,0,2021-01-11,03:11:25,ulungrinjanidharma8609,negative
61,ulungrinjanidharma8609 saya seorang ahli racun biologi kamu pikir vaksin itu obat penawar ya,0,2021-01-11,06:03:43,nopriyanto8377,negative
62,nopriyanto8377 wahaha pake acara ngaku ngaku ahli biologi pulaheiii heiiiiiiii kite kite ini terakhir divaksin kecuali kalo ente dah daftar jadi relawan yg disuntik duluan ama pak jokowi tinggal wait n see aja kok repot,1,2021-01-11,06:35:10,ulungrinjanidharma8609,neutral
63,gua takut pak kalo di suntik vaksin eh jadi titan kalo jd eren si mending lah klo jd titan kolosal kan ngeri pak,0,2021-01-09,01:46:42,Kunti_Bogelll,negative
64,buat yang ada di rumah sakit ajasaya gpp ko ga di vaksin juga,0,2021-01-08,17:33:11,blesaudio988,negative
65,bu dokter fitri sahabat akuu,0,2021-01-08,15:52:06,yuniarsawal1721,neutral
66,duit lagi,0,2021-01-08,14:13:01,tatiekklop554,negative
67,kalo gak ada yg mau di vaksin matilah aj sana,0,2021-01-08,12:14:00,wahyuabigodai4462,neutral
68,apakah vaksin bisa meyembuhkan,0,2021-01-08,11:36:33,katoksuwek5250,neutral
69,vaksin itu mencegah bukan menyembuhkan,0,2021-01-09,04:21:37,crazejunior6312,negative
70,masih aja percaya corona melek woy melek,0,2021-01-08,09:34:39,dinamalika1516,negative
71,1 tenaga kesehatan2 tni polri3 petugas publikitu ainya jika berhasil alhamdulillah dan jika tidak berhasil maka nauzubillahitamatlah masyarakat tercinta,0,2021-01-08,01:04:51,mandatarfanrumakefing4022,positive
72,bagi semua dokter indonesia ini sudah jujur sja tentang covid ini,0,2021-01-08,00:53:33,syaifulbahri5196,positive
73,bjir gede banget suntikan jarumnya,0,2021-01-08,00:12:30,onlypsip7619,positive
74,yang mau duluan,0,2021-01-08,00:11:45,onlypsip7619,positive
75,kok bisa di surabaya sdh di vaksin duluan bukannya bpom blm memberi ijin sampai uu darurat vaksinnya keluar,0,2021-01-07,04:45:19,manusiaaja5884,negative
76,lah ini yg gw heran ada apa ini,0,2021-01-07,05:17:57,Gamibearr,negative
77,kalian pernah mikir ngga itu obat kek obat suntik mati soalnya kemarin ada orang habis divaksin kok tiba tiba meninggal yah,0,2021-01-07,03:32:47,lorenciaadr,negative
78,kata nya jokowi yg peama vaksin mana bukti nya,0,2021-01-07,00:09:19,ronigreget6810,negative
79,wkwkwkwkwkwkwkwkw vaksin tetanus wkwkwkwkwkwwkwk,0,2021-01-06,19:21:49,MRFROG-xb3cf,neutral
80,cina nyontoh vaksin dari jerman terus cina ngejual nya ke indonesia duit cina tergantikan kita cuma dijadikan bahan percobaan,6,2021-01-06,17:47:05,TOXIC-em3jf,negative
81,y,0,2021-01-07,15:20:37,pinzonly.,positive
82,mau membunuh secara perlahan2,0,2021-01-06,13:50:34,Palembang-sk5zt,negative
83,yg mau bunuh diri silahkan di vaksin dr cina,0,2021-01-06,13:48:52,Palembang-sk5zt,negative
84,yg tidak mau d vaksin like yg mau d vaksin komen,100,2021-01-06,13:08:32,ayunierianichannel5564,negative
85,bismillah menolak uji coba produk luar,2,2021-01-08,16:32:17,agungveneno3567,positive
86,lord cross emng kalo masyarakat d suntik korona nya dijamin udahan ya,0,2021-01-08,19:23:00,mycbg1199,positive
87,mycbg1199 kalo virus gak bermutasi pasti bakal ngaruh besar,0,2021-01-09,08:58:06,hatotori270,positive
88,sbner ny klo anggaran utk pasien corona hilang mka dgn sndri ny corona jg akn hilang dri negeri inisy jaminnn,4,2021-01-09,12:53:35,mrselow-oq3yd,negative
89,mrselow oq3yd temen saya gak kerumah sakit tapi dia ngerasain gejala kaya pasien covid padahal dia sama sekali gak berurusan sama pihak kesehatan tapi dia malah kena kovid kalau kasus kaya gitu gimana ya mas,0,2021-01-09,12:57:02,hatotori270,negative
90,ya allah kami mohon hidayahmu untuk negeri ini berikan jalanmu yang maha adil amin jadikan mukziziatmu untuk mesamaratakan isi sesuatu yang menyentuh umatmu amin,3,2021-01-06,13:06:07,heristainarz2881,positive
91,tes mati gak anjim,0,2021-01-06,12:33:13,resaindahmentari6993,negative
92,apakah yakin virusnya akan mati atau akan bermutasi menjadi lebih ganas karena dapat melawan dari anti body yg dihasilkan vaksin tsb,0,2021-01-06,12:21:58,frianashanyblue7157,positive
93,wkwkwkwkkw ada yg bayar woyyy sudah nyata2 kalian salah gunakan kekuasaan,0,2021-01-06,12:03:35,F4dielX,neutral
94,monggo duluan wkwkkw,1,2021-01-06,11:26:43,manzbro,positive
95,ayo buruan kelar ni negara,0,2021-01-06,08:38:37,happyfishing5650,neutral
96,kabuuuurrrr saya gak mau d vaksin,2,2021-01-06,08:26:01,cherryungu6558,negative
97,kenapa kemakan hoaks yaa takut mati yaaa masih ada aja orang kek gini,0,2021-02-19,11:48:32,iffynidya82,negative
98,,0,2021-01-06,07:24:20,shantylie3005,positive
99,tenaga medis didahulukan mana kita tahu apa yang ada dalam kandungan bisa aja cuma vitamin c nah kita masyarakat yang awam ini harus disuntik dengan vaksin yang sebenarnya harusnya pemerintah pejabat dulu dikawal jutaan masyarakat kita perwakilan masyarakat yang suntik sampeyan yang terhormat itu baru adil,0,2021-01-06,05:45:38,cookingmama1624,negative
100,saya tidak mau di vaksin yang isolasi mandiri lebih efektif menurut saya saya perantau dan beberapa temen saya sudah terkena covid dg isolasi mandiri 1 minggu sehat jika dan jika salah satu dari kita sudah terkena covid mau bergaul dengan orang yang sedang covid tidak akan ngaruh lagi salam anak rantau,1,2021-01-06,03:37:40,sadboy-hr3fy,positive
101,pokoknya setelah vaksin ada jaminan hidup normal kmbali,2,2021-01-06,03:29:06,Johanprayoga,negative
102,aku dan sekeluarga gak akan mau di faksin entah apa apa yg di masukan tubuh kita,13,2021-01-06,01:45:02,ariefsusanto6435,neutral
103,sama cuk takut gua,0,2021-01-07,01:33:45,sobakso9427,positive
104,kata orang hongkong jangan mau di faksin orang dichina aja gak mau pakai dan diberikan ke negara indonesia filiphine jangan mau,0,2021-01-07,02:34:53,bundaesilvina,positive
105,kita semua jgn marah ayo sabarlah allah maha mengetahuiallah tau siapa hati bersih dan siapa hati kotor,0,2021-01-09,14:33:29,user-zw9bt2px2u,positive
106,masa gw orang yang lagi nunggu jatah di vaksin harus ketularan virus dari elu yang harusnya udah divaksin duluan tapi gak mau,1,2021-01-09,16:10:19,ulungrinjanidharma8609,negative
107,simpelnya ya boleh aja lu nolak vaksin tapi lu kudu di kamar kunci pintu dan baru boleh keluar setelah semua orang yang sukarela mau di vaksin telah selesai semua di vaksin,1,2021-01-09,16:12:24,ulungrinjanidharma8609,negative
108,virusnya dari china vaksin nya juga dari china hmm china,3,2021-01-05,15:08:14,snihumagnama4391,positive
109,kata orang hongkong jangan mau di faksin orang china aja gakmau uji coba di warganya sendiri dan di hk ditolak,0,2021-01-07,02:35:57,bundaesilvina,negative
110,dan orang china gak mau divaksin,0,2021-01-07,03:12:44,update5960,negative
111,tolong aparat menangkap orang yang menyebar berita bohong tentang vaksin yg disuntikan ini sangat merisaukan masyarakat sangat membingungkan yang mempermasalahkan halal dan haram negara ini kan sudah ada lembaga formal bpom yg penting vaksin bisa menyelamatkan penduduk,0,2021-01-05,12:45:32,hendrytanzil7481,negative
112,semoga vaksinya berhasildan kalau ada yg mengcovidkan yg tidak covid semoga segera bermatian,1,2021-01-05,12:32:38,boike_pardede,positive
113,saran saya biar masyarakat percaya dgn pemerintah yg peama divaksin itu bapak presiden dan menteri menteri nya selanjutx anggota dpr,0,2021-01-05,12:24:54,tanaogiwanuakku9378,positive
114,wkwk tp khawatirnya presiden dan menteri mlah di suntik vitamin tp blgnya vaksin,0,2021-01-05,15:32:08,rahmaazaria499,neutral
115,ahahaha yang komen pada cepat berharap di suntuk vaksin woowwamazing,1,2021-01-05,06:02:37,jidanazarudi1620,negative
116,hahaha sma people,0,2021-01-05,22:54:48,mimamdarmadi4523,positive
117,ya itu pilihan,0,2021-01-06,01:00:23,NiusBJH,negative
118,bukannya jokowi dulu ya yg peama divaksin,6,2021-01-05,05:43:46,brandonnathanael1596,negative
119,yakin gak yg di vaksin ke jokowi itu asli klo aq gak yakin,0,2021-01-07,01:14:46,lutfiyadi5517,negative
120,lutfiyadi5517 iyaa betul kita ngga tau itu cairan vaksin beneran atau bukan,0,2021-01-07,10:19:30,pandroli9186,negative
121,lutfiyadi5517 paling isinya vitamin c bro,0,2021-01-07,15:56:26,muhammadr9542,negative
122,muhammadr9542 njirr,0,2021-01-08,11:08:11,ardosaik4080,positive
123,siapa yang tau itu isinya apa,0,2021-01-08,13:53:31,nayyarolla1298,negative
124,org peama di vaksin siapa ya,1,2021-01-05,05:24:03,muhammadadam9457,neutral
125,presiden vladmirputin,0,2021-01-08,11:08:39,ardosaik4080,negative
126,bismillah berprasangka baiklah insyaallah memberi apresiasi niat baik pemerintah melindungi warganya,3,2021-01-05,02:21:23,limmolastpast1994,positive
127,setelah vaksin corona pasti berlalu dan setiap pandemic ada jual beli virus dan virus yg indonesia beli dari tiongkok moga manjur,0,2021-01-04,23:01:52,amruulla3277,positive
128,kok dinas kebersihan ga diprioritaskan vaksin dan apd padahal petugas sampah paling rentan kena virus orang isolasi mandiri sampahnya dibuang ke bak sampah trus diangkut petugas sampah petugas sampah lebih hero daripada nakes dan petugas sampah ga perlu apd lengkap,0,2021-01-04,22:24:11,windianggakusuma3355,negative
129,namanya juga sekenario hhhhhhh,0,2021-01-05,02:22:35,blowschou2346,positive
130,blowschou2346 ginini klo selama hidupnya selalu berpikir negatif mulu dan suuzon mlu hidupnya,0,2021-01-05,08:26:12,NittClips,negative
131,saya trangin yaa mba kenapa nakes diprioritaskan terlebih dahulu yaa karena mereka berjuang di garis depan one on one berhadapan sama pasien positif corona klo misal para pejuang di garis depan pada ikut sakit yang ngurusin pasien positif corona siapaaaaa,0,2021-01-05,08:30:02,NittClips,positive
132,nittclips petugas kebersihan sampah jg tiap hari di garda terdepan melawan virus2 penyakit bukan hanya covid tbc hiv dll ada dalam sampah,0,2021-01-05,09:23:03,windianggakusuma3355,positive
133,tiongkok pake pfizer german sinovac asal tiongkok dipake indon,2,2021-01-04,17:40:20,ganialdydhany,positive
134,di china banyak penduduk bro produk mereka yg cinovac itu tidak memenuhi untuk rakyat china yang sebanyak itu bisa si bisa tetapi akan lebih lama jadi china juga impo bro,0,2021-01-06,12:35:56,GgGg-fq8mv,positive
135,gggg fq8mv info dr mana ada link berita nya alasan mereka pake pfizer krn jumlah penduduk,0,2021-01-06,15:51:19,ganialdydhany,neutral
136,udah2 kalian gausah banyak bacot diem duduk manis kalo perlu bobo aja sana 39,0,2021-01-07,05:18:46,Gamibearr,negative
137,gamibearr yee kardus,0,2021-01-07,07:30:22,ganialdydhany,negative
138,bagaimana pak kalau nanti masyarakat tidak mau menggunakan vaksin tersebut,3,2021-01-04,11:49:11,yopandaaditya6998,positive
139,denda 5 7juta,0,2021-01-08,12:11:42,UmbuYon2022,positive
140,umbuyon2022 kalo vaksin nya belom berhasil gmn setiap orang reaksinya beda,0,2021-01-09,05:28:41,revigys,neutral
141,katanya yg peama kali,0,2021-01-04,11:04:08,sawahbarat4495,neutral
142,bismillah founding titan,0,2021-01-04,05:39:10,KazeKyoshuke,positive
143,ternyata dapat nya abnormal,0,2021-01-04,05:47:38,rian6420,neutral
144,mana bisa wkwkwk,0,2021-01-05,11:17:22,uebdhebeus,positive
145,bismillah dajjal titan eren gass gua yang bakal ngewarisin,0,2021-01-06,20:20:30,gamingjowo8298,positive
146,back to junior high school run deng deng deng deng deng xdd,1,2021-01-04,04:59:03,KikiNugraha786,negative
147,berita resmi who udah bilang ada atay tidaknya vaksin tidak akan bisa hentikan pandemi,2,2021-01-04,03:56:30,dendyputra5600,positive
148,pasti sekarang kalian lagi ini 1 tiduran 2 mengang hp kan 3 nonton vidio sambil baca komen 4 lagi baca komen ini kan 5 baca dalam hati kan 6 pasti jomblo kan kalo kalian merasa kasih like dongig achmad rei jgn lupa follow,0,2021-01-04,03:14:44,achmadsaiful6003,neutral
149,kalian mau ngotori tubuh kalian dengan vaksin yang bikin aja gk mau pake tu vaksin terus emang setelah vaksin gak akan kena covid lg bukankah selama ini bisa sembuh dr covid tanpa vaksin terus ngapain pake vaksin hati2 pikir2 dulu lihat kenyataan yg ada jgn kotori tubuh dgn bahan percobaan gak jelas manfaatnya,0,2021-01-04,02:02:39,ippiensalbita4072,negative
150,kenyataan yang mana bisa sembuh sendiri tanpa vaksin iyaaa tapi apakah semua,0,2021-01-04,05:51:56,rian6420,negative
151,rian6420 emang semua kan kenyataan yg ada nah masalah mati gara2 corona emamg ia mati gegara korona klo mati gegara korona knp yg lain selamat dan lebih banyak yg sembuh justru jangan2 mati karena penyakitnya tp kebetulan ada koronanya lalu yg disalahin korona apa gak kasihan sama koronanya heheklo orang mati kebetulan dia demam knp gak disalahin demamnya terus knp gak bikin protokol demam juga aja sekalian wkwkwklo corona membahayakan dan nolar cepat maka semua yg demo omni buslow kemaren positif semua dan mampus semua yg disebut bahaya apa sih terus korona kategori bahaya gak sih banyak juga org usia tua dan penyakitan positif korona sembuh terus dulu pernyataan dokternya corona bikin paru2 rusak itu aja udh gk bs dipercaya nyatanya sehat semua maaf ya ini saya cuma share pendapat pribadi hehe saya berpendapat dgn akal sehat dan sesuai kenyataan yg ada terimakasih,0,2021-01-04,06:01:06,ippiensalbita4072,negative
152,ippiensalbita4072 lu liat data nya darimana share sini data kalo yang sembuh lebih banyak dari yang mati,0,2021-01-04,06:07:16,rian6420,negative
153,ippiensalbita4072 untuk sekarang termasuk kategori bahaya karna virus baru sama kek fludulu flu juga termasuk penyakit yang bebahaya tapi sekarang biasa aja kan sama kek corona,0,2021-01-04,06:09:38,rian6420,negative
154,rian6420 itu antaranya lah lu gk lihat kenyataan apa hahaha klo yg mati lebih banyak jauh maka org dunia tinggal separuh bro dan kalo lu beuhan maka lu pasti yakin klo tuhan lu gak jahat gk bakal dzolim hehe sorry ya bro,0,2021-01-04,06:16:21,ippiensalbita4072,negative
155,semoga terus ada edukasi ke masyarakat soal vaksin bahwa vaksin itu sangat penting,1,2021-01-03,15:53:49,dindun48,positive
156,semoga cepat divaksin segera n keadaan cepat normal kembali amiin,1,2021-01-03,15:37:41,campur-campur2813,positive
157,alhamdulillah nanti akan kembali normal sepenuhnya,0,2021-01-06,07:33:41,ryanadritama7181,positive
158,bisa jamin normal kembali kah,0,2021-01-12,01:16:53,hiperaktif1292,neutral
159,hiperaktif1292 bisa,0,2021-01-12,01:37:49,ryanadritama7181,positive
160,hiperaktif1292 buzzer oon lu u orang beragama atau pki dasar kadrun lo,0,2021-01-12,02:11:47,campur-campur2813,negative
161,seharusnya president mentri dan dpr yg peama buat contoh ke rakyat malu lah diluar aja para pemimpinnya yg peama buat buktikan vaksin itu aman,0,2021-01-03,15:01:58,kirikaze4285,positive
162,apakah sudah ada jadwal vaksinasi nasional tayangan cnn kan hanya menjelaskan vaksinasi tahap peama jan april 2021 yg ditayangkan juga itu bukan program vaksinasi nasional dipahami lg inti dr berita yg ditampilkan,0,2021-01-03,15:51:00,ikabagus1024,neutral
163,silahkan yg mau duluan saya mo tidur dulu,8,2021-01-03,15:00:13,rappokalling1,neutral
164,,0,2021-01-12,16:20:00,nurulhikmah50,positive
165,ini masih uji coba apakah sudah benar2 efektif,5,2021-01-03,14:56:17,mekimekimek,neutral
166,allhmdllh lancar jaya wkwkwkw,0,2021-01-03,14:38:19,rendradeprichannel8033,positive
167,vaksin buatan cina wkwkw nanti jadi robot cina,1,2021-01-03,14:17:38,tod9854,positive
168,alhamdulillah semoga saya cepat dapat giliran,0,2021-01-03,13:36:54,dewiellariana7641,positive
169,njiir gede bener jarumnya gk ngeri vaksinnyaya tp gua takut harumnya,8,2021-01-03,13:07:10,Jombloisme,negative
170,sama,0,2021-02-10,18:44:57,createdbyrifaulissa7906,positive
171,silahkan tenaga kesehatan dulu sesuai rencana yang lain siap antrian,1,2021-01-03,12:38:28,pandemiilmu2063,positive
172,kok orang orang pada mikir vaksin bikin orang jadi raksasa,0,2021-01-03,11:39:49,kokomikail2196,negative
173,itu candaan bro,0,2021-01-04,05:52:42,rian6420,negative
174,bukannya gratis kok masih ada yg bayarrrrr,0,2021-01-03,11:34:02,simonmatualaga1319,negative
175,selamat menjadi kelinci percobaan,0,2021-01-03,07:46:17,tomas78947,positive
176,repotnya yg tdk punya hp,1,2021-01-03,06:54:25,rudijl158,negative
177,pelaksanaan vaksinasi hrs matang akurat profesional hati quot storage yg benar sd penyuntikan amin,6,2021-01-03,04:27:42,edibarat8714,negative
178,covid gk berbahaya kyak yg di britan mediakrma gk bsa slah tmpt,0,2021-01-02,23:32:57,ardianzyaderku8357,negative
179,x end covid 19 now,0,2021-01-02,21:06:02,twmda5068,neutral
180,lockdowns are not working and they knew it they are lying about everything their plan is to push us on our knees economically so they can force us into a fascist regime staing with mandatory vaccines this is power grabbing people need to sta realise that and stick up for their rights nobody will do that for you,0,2021-01-02,15:49:03,allil87,negative
181,gih sana di vaksin mumpung gratis dapet dri utangan,1,2021-01-02,14:37:25,belomtrending21,neutral
182,komen aja lu tong terimakasih napa lunanti disuruh beli koar2 tu mulut,1,2021-01-03,17:39:35,farhanefendy7015,neutral
183,farhanefendy7015 qnti gw pakde kok lo bnyak bacot,0,2021-01-03,17:47:58,belomtrending21,negative
184,belomtrending21 lah lu yang bacot gak berguna buat negara aja pakek nyindir nyindir meskipun dapet utang buat vaksin kenapa emang,0,2021-01-06,19:59:03,farhanefendy7015,negative
185,farhanefendy7015 gratis tp dari utangan bayarnya lewat pajak bunga yang berbunga wkwkw,0,2021-01-06,22:22:47,matauangkripto4712,neutral
186,orang yg punya niat baik untuk berhati bersihtdk akan gelisahhdup ini apallg akalny bersih oi sungguh indah tenteram paham gk,4,2021-01-02,14:18:32,user-zw9bt2px2u,positive
187,mana ni pak presiden katanya mau duluan di vaksin kok malah petugas medis dulu yang di vaksin omongan pak presiden tidak bisa di pegang kalau sepei ini saya tidak mau di vaksin,0,2021-01-02,12:21:54,risnaldidarusman4018,negative
188,pemerintah dlu yg d beri vaksin merekakan sering ke luar kota,0,2021-01-02,11:52:02,rehatsejenakyt7706,negative
189,saya dulu gpp,0,2021-01-03,13:00:58,berryiibey,negative
190,semoga nakes tni polri sehat selalu tidak ada efek samping apa2,3,2021-01-02,10:46:12,alfi-il7be,positive
191,alhamdulillah semoga cepat berlalu covid19,1,2021-01-02,10:41:50,nomad1007,positive
192,bismillah semoga sinovac gak membawa petaka,2,2021-01-02,09:42:26,azorazakky5873,positive
193,aamiin,0,2021-01-10,12:20:16,dellaolivia1,positive
194,0 52 maksud dia apa ya keluar statement beberapa perlu bayar,0,2021-01-02,09:34:13,kevinrinor,neutral
195,mana katanya presiden dulu ya di vaksin duhhh dekkkk ww,0,2021-01-02,09:30:44,anangprasetyo139,neutral
196,takut keknya wkwk,0,2021-01-03,14:26:35,fitrikhaerani9826,positive
197,indonesia negara demokrasi setiap warga negara berhak berbicarasaya orang miskin layar hp aja retak tapi andaikan saya dibayar 1 milliar untuk divaksin lebih baik saya tolak karena saya masih sayang sama nyawa dan gak mau kena penyakit dimasa yang akan datangyang mau divaksin silahkansetiap yang kita lakukan didunia ini pasti ada resikonya,1,2021-01-02,09:30:00,dermawan6461,positive
198,sebenarnya masalahnya yg fanatik vaksin normal klo banyak yg begitu sampai mayoritas udh bisa jadi pasukan penghakiman org yg menolak vaksin org org tsb sangat berbahaya pdhl kalau mau normal ya tinggal berubah dari diri dan lingkungan dan tidak ikut andil dlm bisnis ini,1,2021-01-03,02:21:44,user-eqst007,negative
199,setujuuuuuu,1,2021-01-03,17:28:30,rahmatmaulana6406,positive
200,yang ingin ngetes nik nya ada di sms maupun di web berai kita satu server,0,2021-01-02,09:27:46,CakMaryono,neutral
201,seharus nya pemimpin dulu yang peama v trus di liatin ke publik,0,2021-01-02,09:27:15,tiarasunara6321,negative
202,saya dulu gpp ko,0,2021-01-03,13:01:14,berryiibey,negative
203,boleh gak saya gak disuntik dulu saya mau lihat hasilnya 5 tahun lagi lagian saya takut jarum suntik,6,2021-01-02,09:21:32,busairirachman7021,negative
204,ga usah biar cepat mati,1,2021-01-03,13:00:01,berryiibey,negative
205,berryiibey gak apa2 dah biar cuma kamu yg hidup,0,2021-01-03,15:11:49,busairirachman7021,negative
206,fophin liau ga menjamin tapi menambah kemungkinan,0,2021-01-04,05:43:42,rian6420,positive
207,klo ga mau d vaksin tlong ga usa ribut cekal sana sini vaksin ga wajib jadi kalem aj,0,2021-01-04,13:08:50,kelvinsmith9700,negative
208,ada 3 jubir ke deteksi bro di kolom komentar mu,0,2021-01-05,06:13:16,razifmuchyin4045,neutral
209,waah aku sih masih ragu2 gimana nih,0,2021-01-02,09:21:03,yunia1663,negative
210,tidak apa apa tidak wajib ko,0,2021-01-06,00:56:47,NiusBJH,positive
211,trus dpr mpr yg musti di vaksin,2,2021-01-02,09:20:27,sahabatgnsngawi5464,negative
212,udah dokternya aja klo dokter sakit kn gk ada yg nyuntik,0,2021-01-02,09:19:50,sahabatgnsngawi5464,negative
213,tapi kalo kamu sakit jangan dibawa ke rumah sakit bawa aja ke dukun,1,2021-01-06,15:59:30,zazax6678,negative
214,zazax6678 ya smoga allah mengangkat penyakitku dan allah memberikan ke kamu amin amin ya rob tunggu aja wasalamualaikum wr wb,0,2021-01-06,17:24:33,sahabatgnsngawi5464,positive
215,katanya presiden yg peama kali divaksin,4,2021-01-02,09:16:53,thekingkungs4518,neutral
216,itu tayangan aja gaes vaksinasi nasional kan belom dimulai masih nunggu ijin bpom,0,2021-01-03,15:45:50,ikabagus1024,neutral
217,sdh ada berita di tv presiden tidak termasuk dalam org yg terima vaksin gelombang peama,0,2021-01-04,13:35:22,busairirachman7021,negative
218,kan katanya,0,2021-01-06,00:58:43,NiusBJH,neutral
219,guys kalo mau vaksin yg aman itu yg pfizer dari jerman jangan mau yg sinovac yg dr china belum tentu aman,3,2021-01-02,09:09:20,adhinegoro7144,positive
220,ada kabar literasi yg valid,1,2021-01-03,08:26:53,afrizalzamaludin6993,neutral
221,kasi data dan info yg jelas,0,2021-01-03,11:44:15,simonmatualaga1319,neutral
222,britanya pfizer memakan korban,0,2021-01-03,13:45:15,kirukbalgar,negative
223,kirukbalgar kasi info nya bro,0,2021-01-03,15:30:46,simonmatualaga1319,positive
224,simonmatualaga1319 cari aja browsing pfizer dan alergi bahkan di berita detik ada lagi muncul yg baru,0,2021-01-03,15:41:12,kirukbalgar,neutral
225,tuhan berkahi lah vaksin ini agar indonesia bisa kembali normal agar masyarakt bisa hidup dan bekerja spei biasa amin doa terbaik bwt bangsa kita nkri tercinta,63,2021-01-02,09:09:08,aderatnawati1532,positive
226,amin ini komen cerdas,2,2021-01-03,17:37:43,farhanefendy7015,positive
227,amiin,1,2021-01-04,06:48:44,aansyaefudin1153,positive
228,aamiin,1,2021-01-05,02:56:35,floweringheart1617,positive
229,iya aamiin tak apalah divaksin asal nanti kegiatan dan kehidupan normal kembali sepei sebelum adanya covid,1,2021-01-06,00:47:22,NiusBJH,positive
230,amiin,1,2021-01-06,07:06:54,manshurintutorial,positive
231,bagaimana dengan notaris ppat sbg pelayan publik,0,2021-01-02,09:04:30,erwinsuhardiman3599,negative
232,tolong lah kami bapak kpk dan bapak presiden jokowi kami tidak punya cara untuk membela hak kami tolong lah kami bapak kpk dan bapak presiden jokowi,0,2021-01-02,08:58:43,hizkia6292,negative
233,masih rame toh britanya di sini udah ayem2 aja,1,2021-01-02,08:58:27,sriwulandari543,neutral
234,saya mau di vaksin tapi gk mau jadi vaksin percobaan saya mau liat dulu kalo aman dan efek nya bagus saya diap,0,2021-01-02,08:57:16,children1tahunyanglalu68,neutral
235,sekitar 5 10 tahun lagi berai,0,2021-01-02,15:55:33,aelissa39,neutral
236,selamat hari anti korupsi sedunia tolong tangkap petinggi pt waskita karya ada korupsi anggaran ganti rugi lahan masyarakat dalam pembagunan jalan tol pelabuhan kuala tanjung di kab batu bara sumatera utara ganti rugi lahan hanya 75 ribu per meter tolong lah kami bapak kpk dan bapak presiden jokowi,1,2021-01-02,08:57:06,hizkia6292,neutral
237,yg menentang vaksin ga usah banyak omong gpp koq banyak yg mau duluan di vaksin kita percaya pemerintah krn butuh 3 tahun untuk bisa vaksin 70 penduduk indonesia kalian yg ga mau gpp 4 tahun lagi aja jgn munafik yee ujungnya vaksin juga wkwkwk,0,2021-01-02,08:50:35,jirk436,negative
238,yoi bro banyak yg munafik pada nyalahin pemerintah eh giliran ada musibah nunggu bantuan dari pemerintah,0,2021-01-04,05:56:49,rian6420,negative
239,covid 19 tidak diketahui who tidak diketahui vaksin tidak diketahui ada yang sependapat harus di publikasikan mulai cara kerja covid 19 dan vaksin nya itu secara detail jangan sampai kayak di film2 uji lab nya sama hewan bukan sama manusia bisa2 semua pada jadi zombie dan saya masih mikir ini bencana buatan manusia nuklir berbasis teknologi ini sepei nya pe rsiapan perang negara antar negara berlomba2 mengumpulkan sumber daya ada yang di untungkan dan yang di rugikan pasti kalian pada bingung kan mana org yang benar dan mana yang salah mana teman dan mana musuh mana kawan dan mana lawan dan pastinya menimbulkan rasa benci atau marah kalian mau tau zona aman di dunia itu adalah mesjid hanya allah swt yang bisa membantumu quot sesungguhnya allah swt maha mengetahui apa yang tidak kamu ketahui quot hanya allah swt sebaik2nya adalah penolongmu jangan percaya dgn kata2 quot jejak digital quot krn dunia digital itu dunia viual coba renungkan waktu anda pasti banyak terbuang kan renungkan,1,2021-01-02,08:47:43,efekrumahkaca1652,negative
240,iya pegang hp semenit eh udah 10 menit,0,2021-01-02,09:11:19,cvnsjs,positive
241,kadrun dan pengikutnya ngk usah di vaksin,1,2021-01-02,08:44:48,ariefrava6490,neutral
242,iya para cebong aja nanti abis di vaksin semoga matinya gak penasaran,1,2021-01-02,08:50:29,eliyaajah,positive
243,eliyaajah kadrun ngk usah di vaksin bikin repot aja uda jdi sampah nkri selalu nyusahin biar pada musna semua nkri damai tanpa kehadiran kadrun,0,2021-01-02,11:17:30,ariefrava6490,negative
244,buatmu saja fanatik ga perlu bilang ham ya stlh ini kalo ada masalah di vaksinnya,0,2021-01-03,02:29:30,user-eqst007,negative
245,iyee ydh buat kalian aja para cebong kita mah ikhlas klo kalian mati dluan,0,2021-01-03,14:32:44,fitrikhaerani9826,negative
246,insyaallah virus corrona di indonesia hilang ada virus tentu ada vaksinya,3,2021-01-02,08:44:46,Delapansatuchanel,positive
247,isanonymousedead sumber grup wa y bro,0,2021-01-02,12:15:47,listrik2789,positive
248,listrik2789 bukan,0,2021-01-02,12:19:31,isanonymousedead,negative
249,isanonymousedead tdk usah berlebihan kak pemikiran kamu tdk sesuai dgn keadaan km mf ya,0,2021-01-02,15:52:04,Delapansatuchanel,positive
250,isanonymousedead namanya jg insyaallah kak berdoalah dan berusaha tdk salahkan,0,2021-01-02,15:52:48,Delapansatuchanel,positive
251,virus sars hiv juga gk kalah mematikan mana vaksinya,0,2021-01-05,02:19:14,blowschou2346,negative
252,vaksin gratis dari pemerintah ga bayar,0,2021-01-02,08:36:59,muktiaris6569,neutral
253,gw sama nakes lain yang di luar kota pada jujur juran masih ada rasa takut karna masih ada efek samping,1,2021-01-02,08:35:27,taufikfendy6831,negative
254,semoga diberi kelancaran y semoga tidak ada efek apa2 sehat selalu,0,2021-01-02,10:44:13,alfi-il7be,positive
255,ya udh coba aja biar rasa takut nya hilang,0,2021-01-06,01:01:31,NiusBJH,negative
256,coba siarkan kapan jokowi dan para jajarannya d vaksin,0,2021-01-02,08:34:01,akmaludin673,neutral
257,mana yang katanya mau di vaksin duluan cuma omong doang jkw kok semakin hobi hoax ya,1,2021-01-02,08:32:52,shabetaali9148,negative
258,org quot yg di suntik di video ini bukan penerima vaksin peama tp tes rapid wong bru januari kuaal ke dua kok mulai vaksinny screening penerima vaksin jg br di mulai congormu gk punya adab,0,2021-01-02,08:56:54,rennieayudyapasha3671,neutral
259,rennieayudyapasha3671 iyeeeee yg pernah dapet nasi bungkus marah,0,2021-01-02,09:26:03,shabetaali9148,negative
260,shabetaali9148 sorry gw bukan golongan kyk kaun lo demi nasbung mw panas quot an demo najis dhhh,0,2021-01-02,10:00:42,rennieayudyapasha3671,negative
261,takut mati dluan keknya haha,0,2021-01-03,14:29:06,fitrikhaerani9826,negative
262,mari kita dukung vaksinasi cocid 19,0,2021-01-02,08:30:34,mahfulhadi9304,positive
263,entah apapun kabar beredar semangat juang teruntuk nakes dan masyarakat indonesia kita semua adalah pejuang dan kita adalah pahlawan ya allah swt selesaikan semua masalah ini dengan cara mu amin,0,2021-01-02,08:27:41,good_day76,positive
264,angel men kandanane gue baca enjel men,0,2021-01-02,08:24:24,z.addimaky9566,positive
265,,0,2021-01-02,16:20:13,tini9397,positive
266,klo bayar ya curang ga usah di britain vaksin quot,1,2021-01-02,08:23:01,bolanggendons4900,negative
267,dan yg membuat aneh knapa kok ad undang2 segal bahwa orang yg gk mau di vaksin kena denda 5jt hellow ada apa di balik semua itu mestinya bila orang yg di vaksin gk mau tinggl di kasih kan ke orang yg lain beres,0,2021-01-02,08:22:38,Kakakcantik-vv1md,negative
268,karena sudah tahu moralnya orang indonesia kebanyakan adalah berbuat baik kalau ada hukuman penaltinya kalau cuma modal kebaikan bersama banyaknya mah gak gerak,1,2021-01-02,16:00:56,aelissa39,negative
269,aku bersedia duluan d vaksin klo d suruh biar buktikan vaksin nya aman aku ingin sehat,2,2021-01-02,08:21:56,andijkt7892,positive
270,dark yg ada malah memperparah,0,2021-01-02,12:14:16,isanonymousedead,negative
271,dark salah info km bro ayo dipelajari lagi tentang vaksin,0,2021-01-04,13:10:15,kelvinsmith9700,neutral
272,vaksinnya gratis kan,0,2021-01-02,08:21:39,xiips3_32_putubagusdevaram5,neutral
273,suktiknya bayar,0,2021-01-02,09:06:58,cvnsjs,neutral
274,kpna slalu rakyat yg jadi kelinci percobaan cobak orang no 1 di indonesa sama jajaran nya duluan ah,4,2021-01-02,08:21:16,Kakakcantik-vv1md,positive
275,tenaga kesehatan uda divaksin duluan tapi beritanya nga viral jadi wajar masih banyak yang belum tahu,0,2021-01-02,08:42:20,Eru-,positive
276,ridwan kamil udah vaksin tuh,0,2021-01-02,13:24:51,grawar1,neutral
277,uji klinis obat maupun vaksin memang harus pada manusia nanti kalau uji coba hanya pada tikus kalian protes koq disamakan dg tikus jadinya mau diujicobakan ke mana dong,1,2021-01-02,15:57:52,aelissa39,negative
278,grawar1 ridwan kamil bukan vaksin versi final tp bagian uji coba belum tentu vaksin bisa jadi dia kebagian placebo doank,0,2021-01-03,13:30:56,ilhamrj2599,negative
279,ilhamrj2599 itu vaksin dia bagian dari clinical trial fase 3 yaitu produk final,0,2021-01-03,15:55:27,grawar1,positive
280,di oplos sama air infus biar rata se indonesia jngn ngabisin duwit bnyak seneng yg korupsi entar,1,2021-01-02,08:21:06,bolanggendons4900,positive
281,ngakak gs bro,0,2021-01-02,08:45:51,zonaarv,positive
282,zonaarv hhhh,0,2021-01-02,08:57:07,bolanggendons4900,positive
283,katanya jokowi dluan mana aduuh negri gila,4,2021-01-02,08:19:11,muhammadmuadz782,negative
284,bismillah colosal titan,4,2021-01-02,08:16:22,ganteng2866,positive
285,mksdny gmn kk mhon d jwb,1,2021-01-02,12:11:14,isanonymousedead,neutral
286,aamiin sama mba saya jg,0,2021-01-02,13:45:15,Riman204,positive
287,ntar yg di vaksin mati masukin ke daftar yg kena covid ya om om pemerintah biar dana nya lebih banyak lagi,0,2021-01-02,08:15:58,ikhsanrizkiillahi8106,negative
288,cepat sehat indonesia,1,2021-01-02,08:15:56,eto6071,positive
289,mdhn kopit cepat berlalu,0,2021-01-02,08:03:10,yosukerechain2000,negative
290,monggo duluan,0,2021-01-02,08:02:34,ff-cx5hz,positive
291,pemerintah dulu dong hahahaha,13,2021-01-02,08:02:25,bangdon5226,positive
292,hmmm hmmm biasa bro bisanya bacot doang,1,2021-01-04,05:45:20,rian6420,neutral
293,lu mah ga btuh vaksin covid bro lu btuh vaksin anti bego ud kritis lu,1,2021-01-04,13:07:50,kelvinsmith9700,negative
294,klo ulama dah bilang halal br deh gw mau gw ja belum lihat pak jokowi dluan apa ada penyakit bawaan makanya belum di vaksin wakil2 yg lain ja belum dluan kmna wakil2 rakyatnya ya apa sama ada penyakit bawaan makanya pd belum,2,2021-01-02,07:58:50,rahmatnurridlah2080,neutral
295,cyxxx kan nunggu kapasitas halal gknya maaf ya klo ngerasa muslim wajib,0,2021-01-02,09:48:55,rahmatnurridlah2080,positive
296,cyxxx ow begitu toh apa semua dokter dah di vaksin,0,2021-01-02,12:56:23,rahmatnurridlah2080,neutral
297,cyxxx mau makanan mau minuman mau obat namany jg klo sdh haram masa dikasiin kumaha atuh klo gw sih ogah klo masih blm tahu halalnya nunggu presiden dlu di vaksin orang dia sndri yg bilang orang paling utama di vaksin itu dia bkn nyingung atau kritik ya inget janji ya laksanakan jgn bisa ngomongnya doang,0,2021-01-02,13:04:50,rahmatnurridlah2080,negative
298,bukankah dalam keadaan darurat maka yang haram pun boleh dikonsumsi demi menunjang kehidupan,1,2021-01-02,16:06:19,aelissa39,negative
299,aelissa39 yah betul nona ni kn menurut saya ja klo saya msh menunggu presiden dpr ketua rakyat dluan dah vaksin baru deh saya ikut vaksin ya mudah2an msh belum ada penyakit bawaan lg pula vaksin tersebut msh belum boleh untuk yg punya bawaan penyakit,0,2021-01-02,16:59:14,rahmatnurridlah2080,negative
300,bagus,0,2021-01-02,07:57:39,nursurahmat2964,positive
301,selamat ya vaksin nya laku di beli indonesia good job rrc kerja sama yg baik hay komunis selamat datang di negeri tipu tipu,2,2021-01-02,07:57:16,khudzaifahzahwa8049,negative
302,setor nyowo,0,2021-01-02,07:56:23,AbdulAziz-kj4fq,positive
303,istigfar brooo,0,2021-01-02,08:35:00,sricute6364,neutral
304,kenapa tidak dpr mpr sama presiden dan pejabat daerah kan klo pejabat semua sehat masyarakat akan sehat juga ahhhh mitos lah pejabat juga takut tp kenapa rakyat dulu,2,2021-01-02,07:55:22,andrirputra9717,negative
305,dengar baik2 narasinya siapa yg diprioritaskan untuk penerima vaksin dan fikirkan sendiri knapa jgn nyinyir mulu nanti klo pejabat duluan di vaksin dinyinyirin lg quot pejabat mementingkan diri sendiri rakyat belakangan quot atau katain pemerintah quot rezim dzolim quot dasar kadrun,0,2021-01-02,08:19:08,nightknight5885,negative
306,tunggu efeknya kalo dalam 1 bulan ke depan aman berai tuh vaksin memang aman kalo dalam beberapa waktu kedepan ada apa berai anjim,7,2021-01-02,07:55:20,alkatiribab2827,positive
307,eleh kalau ada apa2 pun korban di beritakan terkena kopid,0,2021-01-02,09:06:03,cvnsjs,positive
308,kalo ada apa2 kira2 di publish gak y wkwkwkwk,0,2021-01-02,10:32:32,aryekoprasetyo6688,positive
309,hmmm hmmm ga usah jelasin gw pun baca titik ujung doangs,0,2021-01-03,22:45:22,cvnsjs,neutral
310,mana video bpk jokowi mo divaksin proses vaksinansi dah mulai video bpk jokowi nya bkum ada gmn nih,1,2021-01-04,01:16:20,m.fakhririzkyp.9165,neutral
311,m fakhririzkyp 9165 klo ente ga mau d vaksin diam saja kalem karena pemerintah ga mewajibkan utk vaksin,0,2021-01-04,13:06:55,kelvinsmith9700,negative
312,katanya joko mau jadi orang peama di vaksin ngapusiiiiiiiiiiiiiii ga mungkin joko di vaksin duluan lebih baik yg lain di vaksin duluan jadi kalo yg di vaksin mati di joko aman karna dia belom di vaksin,7,2021-01-02,07:54:12,alkatiribab2827,negative
313,joko joko joko emangnya buapakmuuuu manggil presiden kok g ada attitudenya,0,2021-01-02,08:32:15,sricute6364,neutral
314,yang di utamakan tenaga kesehatan,1,2021-01-02,08:38:26,yayasurya959,positive
315,beliau klo ga salah bilang akan suntik peama kali klo ga salah loh ya cmiiw,1,2021-01-02,12:06:36,animesongsandcompilation4410,negative
316,alhamdulillah dapat vaksinasi krna bkerja di rmh sakit dan gratis,5,2021-01-02,07:49:10,wonderfulfishing5015,neutral
317,yg di rasakan setelah vaksin apa,0,2021-01-12,16:00:48,isyafiraaa,negative
318,mhon mff saya blom di vaksin nunggu bpom dan mui dlu saya calon penerima vaksin cloter peama saya siap divaksin dan jangan lupa terapkan selalu 3m dan patuhi protokol kesehatan,0,2021-01-12,23:40:25,wonderfulfishing5015,neutral
319,wkwkwkwkwk ngakak,0,2021-01-02,07:48:27,hardiyanzain2856,positive
320,gratis bos vaksin jangan ada bayaranya,0,2021-01-02,07:48:01,westellogaming8183,neutral
321,penyakit dari cina faksin dari cina negara indonesia di kibulin cina miris miris,5,2021-01-02,07:46:43,darmantopekingsejdw7776,negative
322,sok tau sok tau sok tau kadrun kadrun,0,2021-01-02,08:00:16,nambelas,negative
323,nambelas haha kafir kepanasan,1,2021-01-02,08:12:22,dediabdulah2442,positive
324,paling si mata sipit itu,0,2021-01-02,08:37:13,maulanamay4762,negative
325,dediabdulah2442 so pasti banyak kadrun kadrun sinting di topik begini ap lg ormasnya ud dibubarin jd nganggur,0,2021-01-02,08:54:51,nambelas,neutral
326,nambelas mending sok tau daripada sok gak tau padahal dongok apa hubungan ama kadrun dongok,0,2021-01-02,09:05:23,eliyaajah,negative
327,di jamin terjaminkah,0,2021-01-02,07:45:52,auraaura2300,neutral
328,aku mau di vaksin,1,2021-01-02,07:44:59,natatrading7807,neutral
329,lu mau aku ogah,0,2021-01-08,00:13:13,onlypsip7619,negative
330,aku masih ragu dengan vaksin itu aman apa nggak,0,2021-01-08,00:13:35,onlypsip7619,positive
331,ditunggu video matinya bro wkwkwkw,0,2021-01-02,07:42:35,wangeblek6505,positive
332,semoga dana covid 19 cepat habis dan corona pun hilang,26,2021-01-02,07:42:03,muttaqintea6241,positive
333,semoga ngga dikorupsi juga kaya bansos,3,2021-01-02,13:00:07,ngalorngidul3961,positive
334,semoga gk pake banyak stimulus yg nyasar,1,2021-01-02,13:23:48,canarycampusbirdfarmagenkenari,positive
335,semoga jadi colosal titan,0,2021-01-02,13:42:31,Riman204,positive
336,riman204 nicee gw pen jadi attack titan,0,2021-01-03,11:42:30,me-arc8348,negative
337,ya kalau sudah habis corona akan langsung hilang,0,2021-01-03,14:56:55,mahesajenarmahesa3366,neutral
338,awal datangnya penyakit ini di tahun 2020 dari wuhan china laaaaa sekarang beli vaksin dari china apa dari mana itu pruduck dari china ada beberapa yg meragukan kok berani beli obat jauh2 opo indonesia iki ga ono dokter yg mumpuni adech,2,2021-01-02,07:39:43,wayanchannelpowerofawoman3216,neutral
339,sementara di cina aja ga di vaksin dia jualan obatnya aja,0,2021-01-02,08:08:21,yondaime9758,negative
340,yondaime9758 la itu ingat aja imfo beras ternyata plastik yg di masak hp bnyk yg abal abal maaf ini ga berniat untuk propokasi tetapi coba ditinjau kembali ga usah grasah grusuh kesusu marai kleru to iki wes teulis di masing2 kitab suci bakal ada bencana berupa virus untuk intropeksi diri bersemedi selama masa covid jika waktunya mati mbok di vaksinpun pasti bakalle yo mati cm berusaha jaga kesehatan dan jaga kebersihan fisik dan hati kayaknya dah cukup vaksin kl gratis ok lah kl harus beli dah mahal belum tentu tetap hidup test covid mahal vaksin mahal dimasa sulit makan susah kok mikir vaksin alamak,0,2021-01-02,13:17:13,wayanchannelpowerofawoman3216,negative
341,ngak ada yg paksa anda suntik vaksin sinovac mau suntik ya suntik ngak suntik juga terserah kamu tapi kalau ngomong jangan sembarangan mengapa indonesia sendiri gak mampu bikin vaksin,0,2021-01-03,04:25:57,-m1u,negative
342,m1u itu urusan tukang buat obat bu kami sendiri resah karena harus membeli vaksin sementara untuk makan saja sdh mulai sulit di masa pandemi ini tidak bisa keluar rumah saya bicara apa yang nyata saja,0,2021-01-03,07:20:52,wayanchannelpowerofawoman3216,negative
343,m1u karna virus dan vaksinnya berasal dr china jd bukan bidangnya indonesia buat virus dan vaksinnya,0,2021-01-04,11:29:41,tgrtgr_hry4037,positive
344,tau sndri produk cina,1,2021-01-02,07:39:04,nafisahkhayla1258,positive
345,emank knpa,0,2021-01-03,16:21:31,riyanferdianto9791,positive
346,di negara luar aja nolak di vaksin,0,2021-01-02,07:35:09,rawinkknoch8052,neutral
347,iya kaya pembodohan,0,2021-01-02,08:04:04,yondaime9758,positive
348,negara yang mana bukannya pada berlomba lomba vaksin,1,2021-01-02,15:59:35,aelissa39,negative
349,telat negara lain sudah pada vaksin,0,2021-01-03,18:26:56,saepullkanta5215,negative
350,sy mau vaksin duluan,1,2021-01-02,07:33:24,jusufhaurissa,negative
351,menunggu suntikan dana,0,2021-01-02,07:28:21,kakawiba4965,neutral
352,bnr2 aman gak tuh vaksin sdh dpt ijin lom dr farmasi indonesia,3,2021-01-02,07:27:58,Naimnavy154,negative
353,kalau gak aman gak mungkin disuntikkan bambang logika dong,3,2021-01-03,17:38:57,farhanefendy7015,positive
354,peanyaan aneh,1,2021-01-04,13:04:55,kelvinsmith9700,neutral
355,sudah sama biofarma indonesia di bandung kan nyimpen nya juga disana,0,2021-01-06,00:58:25,NiusBJH,neutral
356,gua mh insya allah gak mau karna gua alhamdulilah sehat,10,2021-01-02,07:27:37,anggapratamafebri3726,positive
357,oh gt mungkin yg na sehat akalnya mas ini vaksin bukan obat vaksin buat menangkal bukan berai mas nya sehat trus g divaksin,1,2021-01-02,07:55:22,suryah999,positive
358,suryah999 kamu sudah di vaksin kah,1,2021-01-02,07:59:02,dediabdulah2442,neutral
359,gpp biar berkurang orang yang tdk bermanfaat,3,2021-01-02,08:11:55,dikihadiyansyah6577,negative
360,dikihadiyansyah6577 lol,1,2021-01-02,08:12:23,lullabyvintage5874,positive
361,suryah999 orang sehat di vaksin nanti yang ada malah nambah banyak penyakitan mendingan gak usah,1,2021-01-02,08:29:27,anggapratamafebri3726,negative
362,mana video presiden pak jokowi di suntik vaksin peama kali nih,0,2021-01-02,07:27:04,Naimnavy154,neutral
363,ayo buruan kelar ni pandemi dah,0,2021-01-02,07:25:11,andrianfahreanadi1976,neutral
364,nah ini berita bikin serem bikin jantung mau copot teringat jaman sd dulu lihat jarum suntik sampe tidur,1,2021-01-02,07:21:43,khalwaniparid4217,negative
365,bagus orang kayak kamu mati berdiri,0,2021-01-02,07:52:55,jaluw2713,negative
366,jaluw2713 corona pembodohan,0,2021-01-02,10:29:38,khalwaniparid4217,negative
367,saya mau vaksin duluan,3,2021-01-02,07:21:19,blasiusmagol2262,neutral
368,saya juga mau sudah penat hanya dirumah,0,2021-01-04,13:05:19,kelvinsmith9700,negative
369,kelvinsmith9700 siap biar cepat bebas z,0,2021-01-04,13:09:37,blasiusmagol2262,neutral
370,blasiusmagol2262 aku sih ragu belum tentu aman itu vaksin,0,2021-01-08,00:17:37,onlypsip7619,positive
371,onlypsip7619 tidak apa2 kalau ragu tunggu aja setelah kami yg vaksin peama aman baru nyusul kamu,0,2021-01-08,00:35:03,blasiusmagol2262,positive
372,mantap,1,2021-01-02,07:17:55,edosaragih2277,positive
373,ishhh suntik lagi pas sd aja lari larian masa iya udah kerja mau kek gitu,22,2021-01-02,07:13:38,mbad.6030,negative
374,emang vaksin tergantung umur otak anda dipake dong,0,2021-01-02,08:58:41,CometZ,neutral
375,kelompok kadrun gausah divaksin,1,2021-01-02,09:18:18,muhamadfarhan6707,neutral
376,kalau orang udah phobia jarum mau gmana lagi aku kagak phobia aja pas disuntik tegang akhir ini otak orang terlalu beku hingga tak berfungsi komen joke spt ini ditanggepi sinis amp berbau politis,2,2021-01-02,10:01:09,dwikywee4292,neutral
377,dwikywee4292 kadrone bandar narkoba pendana isis,1,2021-01-02,10:07:19,muhamadfarhan6707,positive
378,muhamadfarhan6707 kardone anti kiri,1,2021-01-02,10:49:37,rriaamee,neutral
379,waktu rapid pejabat duluan giliran vaksin pejabat gak mau duluan wkwkwk,0,2021-01-02,07:13:21,chernpedd2182,negative
380,sok tau lu,1,2021-01-02,07:23:59,gunawan_smnjtk,negative
381,manusia macam gini ntar gk usah vaksin biar kalo kena corona cepet keliang lahat berkurang de manusia kaya gini,1,2021-01-03,13:08:03,Jombloisme,negative
382,knpa ga presiden mentri dan dpr dulu,2,2021-01-02,07:09:03,febriansyahkristianto1966,negative
383,lu gak mau duluan,1,2021-01-02,07:21:31,adrianbudiono6403,negative
384,adrianbudiono6403 udh banyak relawan dan garda terdepan jdi korban tapi yg syukur syukur vaksin berefek bagus tapi lebih bagus lagi knpa yg duluan persiden dan menteri dan dpr,0,2021-01-02,07:29:56,febriansyahkristianto1966,positive
385,febriansyahkristianto1966 lah yang duluan yang banyak korban lah otak dimana sihhh hadehhh,0,2021-01-02,07:37:55,adrianbudiono6403,negative
386,febriansyahkristianto1966 duhhh makanya banyak literasi berita baru berbicara ya,0,2021-01-02,07:38:10,adrianbudiono6403,neutral
387,adrianbudiono6403 kamu sudah di vaksin kah,0,2021-01-02,08:05:47,dediabdulah2442,neutral
388,alhamdulillah vaksinisasi sudah dimulai di indonesia semoga corona cepat berlalu dari indonesia dan di dunia aamiin yra,12,2021-01-02,07:08:27,refridaamir1009,positive
389,atut ah g mau suntik,6,2021-01-02,07:08:04,Lah.ini.aditya,negative
390,semoga indonesia cepat hilang covid19 dari negeri ini and rakyat indonesia normal lagi kehidupannya,26,2021-01-02,07:04:56,jafarahmednulloh5717,neutral
391,amin terimakasih doa dari anda untuk kami semoga anda juga selalu sehat,1,2021-01-02,13:10:30,wayanchannelpowerofawoman3216,positive
392,sholat 5 waktu tdk lp dan berhati bersih,1,2021-01-02,14:12:30,user-zw9bt2px2u,positive
393,user zw9bt2px2u sip itu wajib,0,2021-01-02,15:53:35,wayanchannelpowerofawoman3216,negative
394,wayanchannelpowerofawoman3216 terima kasih semoga anda juga sehat friends,0,2021-01-02,16:36:09,jafarahmednulloh5717,positive
395,user zw9bt2px2u itu harus selalu,0,2021-01-02,16:37:34,jafarahmednulloh5717,negative
396,menit 1 00 quot vaksin dibayar quot woey dari presiden langsung tegaskan kemarin bahwasanya vaksin tidak dipungut biaya sama sekali alias gratis,10,2021-01-02,07:01:40,ichwanramadhandjati9050,neutral
397,yg gratis sinopak yg dr jerman bayar bosss,1,2021-01-02,07:08:13,abdulrahmanfarid968,neutral
398,sejak kapan indonesia beli vaksin pfizer dari jerman yg ada 1 2 juta dosis vaksin sinovac dari china masuk ke indo dan ternyata china sendiri memesan vaksin dari jerman krn sudah punya persetujuan dari who,3,2021-01-02,07:34:19,ichwanramadhandjati9050,neutral
399,ichwanramadhandjati9050 baca baca lagi bro baru komen,0,2021-01-02,07:35:52,abdulrahmanfarid968,neutral
400,abdulrahmanfarid968 balasan basi bgni utk org yg memang tidak paham apa2 kamu baca dimana indonesia beli vaksin pfizer jerman coba tunjukin,1,2021-01-02,07:39:52,ichwanramadhandjati9050,negative
401,ichwanramadhandjati9050 cari gugel bwang cari dulu tar balik lagi kesini,0,2021-01-02,07:45:42,abdulrahmanfarid968,neutral
402,nakes blm d vaksin kok udah maksinin org awam takut ah,2,2021-01-02,06:39:45,kamucorona3319,negative
403,darimana anda tau klw nakes blm di vaksin,1,2021-01-02,07:14:55,mbad.6030,negative
404,hadeh drun drun,1,2021-01-02,07:21:43,adrianbudiono6403,neutral
405,sok tau lu makanya simak berita yg bener jangan ngemeng duluan sblm paham,1,2021-01-02,07:25:39,manizz7992,negative
406,manizz7992 masa siihhh,0,2021-01-02,07:28:17,kamucorona3319,negative
407,adrianbudiono6403 emang ada masdrun ya,0,2021-01-02,07:28:47,kamucorona3319,negative
408,prioritas peama adl garda terdepan aparat negara golongan promaksiat jg buzzerrp,6,2021-01-02,06:37:24,masbram73,neutral
409,wkwkwkkw drun drun,2,2021-01-02,07:20:53,adrianbudiono6403,positive
410,kalo lu mah gk usah biar tau rasa,0,2021-01-02,08:10:57,dikihadiyansyah6577,negative
411,wkwkwkkw parasit negara komen,1,2021-01-02,08:15:33,synhan2904,negative
412,terutama para cebong dongok sesat sampe kiamat kaum yg gak percaya akherat,0,2021-01-02,08:42:44,eliyaajah,negative
413,eliyaajah fitnaaah teroos drun,1,2021-01-02,13:01:17,dikihadiyansyah6577,neutral
414,pake visor dong kyk di cina sm singapura,0,2021-01-02,06:36:19,rudihartono-xk1up,positive
415,nakes duluan klo kenapa kenapa habis indonesia,2,2021-01-02,06:35:09,ngalorngidul3961,negative
416,terus lu mau duluan,1,2021-01-02,07:21:54,adrianbudiono6403,negative
417,ngapain pemerintah mengorbankan nakes dan rakyatnya kalau vaksinnya ga bener hadeuh,1,2021-01-02,07:27:33,manizz7992,negative
418,gue nakes hepi2 aja kl divaksin duluan,1,2021-01-02,07:29:59,binongpermai170,negative
419,binongpermai170 betul bismillah ikhtiar harus nyerah jangan,0,2021-01-03,14:13:00,ydtresnatias9202,positive
420,masih nunggu muncul video mr president d vaksin krn belio udh komit mo d vaksin dluan,31,2021-01-02,06:34:02,seseprizky2281,neutral
421,bapakmu saja duluan,1,2021-01-02,07:50:31,jaluw2713,negative
422,bilang aja cemen tkt sama jarum,0,2021-01-02,07:53:31,suryah999,negative
423,ayooo monggo siapa lg yg mau komen,0,2021-01-02,08:00:14,bankbaron3576,neutral
424,jaluw2713 mbahmu,0,2021-01-02,08:00:53,nazkanoval3198,positive
425,benersih dia jg yg janji,1,2021-01-02,08:03:46,yosukerechain2000,positive
426,pilih vaksin amerika jangan cina,1,2021-01-02,06:33:12,onlineshoppingjakarta7338,negative
427,mendingan jadi antek asing daripada antek aseng ni ye,1,2021-01-02,07:58:42,nambelas,negative
428,haha ngakak bang corona mereka jadi uji trial ketiga sinovac semoga mereka kena deh penyakit aneh quot,1,2021-01-02,06:32:56,Qiyiel555,positive
429,arraha minafe amin,0,2021-01-02,06:43:18,swarnadwipa9816,positive
430,doa 39 mu kok jelek si smoga aza km gpp nntiny dn andai km kena covid akan measakan gmn rasanya dn aku yng udah merasakan di vaksin gpp kok tgl 8 besok tahap ke 2,3,2021-01-02,07:06:49,yasmeen1226,negative
431,yasmeen1226 kamu bakalan mati,0,2021-01-02,10:18:40,Qiyiel555,negative
432,berita sekelas cnn kalau di indonesia komennya tetep aja banyakan jahiliyah,1,2021-01-02,16:04:56,aelissa39,neutral
433,puji tuhan vaksinasi sudah dimulai semoga lancar dan pandemi covid segera hilang dari bumi indonesia amin3x,6,2021-01-02,06:31:00,linaangela7187,positive
434,covid pasti hilang kalau vaksin sudah terjual namanya juga resezi ekonomi,0,2021-01-02,07:17:39,slametpriyanto9930,neutral
435,btw yang vaksin dari cina sinovac katanya belum ada laporan uji klinis ke berapa dah kok malah dibeli,0,2021-01-02,06:25:16,zidnizam,neutral
436,cina sendiri pake punya pfizer,0,2021-01-02,06:33:34,ngalorngidul3961,negative
437,di chinanya tinggal nunggu izin penggunaan darurat hasil uji klinis di indonesia keluar mingdep percaya mereka lebih pintar dan ngei kita tinggal ngikutin aturan aja sebagai warna negara yg baik dan taat peraturan,2,2021-01-02,06:41:00,reee2549,positive
438,reee2549 ya bagus kalau gitu silahkan kamu yg di vaksin duluan ya,0,2021-01-02,08:11:32,dediabdulah2442,positive
439,reee2549 nanti kalau ada apaapa sapa yg tanggung jawab mereka pasti jawab semua udah sesuai prosedur mungkin tubuh seseorang berbeda beda reaksi jadi di luar tanggung jawab kami,0,2021-01-02,08:56:07,eliyaajah,neutral
440,itu vaksin sdh aman belum sih,4,2021-01-02,06:24:49,musichits5731,positive
441,kita tunggu aja dulu efektivitas ke badan gimana,1,2021-01-02,06:34:13,artboy6697,negative
442,kalau sudah di gunakan brati sudah mendapat izin bpom dan cap halal dari mui,4,2021-01-02,06:41:19,ahmaddimas9232,neutral
443,aman aku yng udah di vaksin tgl 8 besok tahap ke 2,2,2021-01-02,07:04:37,yasmeen1226,positive
444,yasmeen1226 ohya sampe 2 tahap ya,0,2021-01-02,07:10:52,ahmaddimas9232,negative
445,ini dah lulus uji tahap pastinya aman,2,2021-01-02,07:16:14,blokmsquare301,positive
446,wait and see what happened,15,2021-01-02,06:21:23,khairuddinkarim5141,negative
447,yes we will see it,2,2021-01-02,06:38:27,m.fakhririzkyp.9165,positive
448,in west happen that a person or two got positive covid aweek after resived vacsine,0,2021-01-03,02:56:17,aminahkami5914,neutral
449,aminahkami5914 state your proof dont talk before you can show the proof,0,2021-01-04,13:04:24,kelvinsmith9700,positive
450,kelvinsmith9700clinical test period to sho no base proof,0,2021-01-07,07:16:27,khairuddinkarim5141,neutral
451,kelvinsmith9700clinical test,0,2021-01-07,07:16:34,khairuddinkarim5141,neutral
452,lbh baik beobat krn tuhan tiada yg sulit menciptakan virus yg lebih ngeri lg sbg alat murka nya kepada umat manusia,3,2021-01-02,06:14:15,sugengjeff1470,positive
453,manusia juga wajib berusaha kakak gk hanya beaubat dan berdoa saja trus beres,1,2021-01-02,06:45:28,kaoskaosdistro,positive
454,smua orang pgn yng terbaik buat hidupny klu mslh betobat itu dh pasti tpi harus jg berusaha contoh yng simpel mna ada orang kaya klu gk kerja kn pasti brusaha bekerja berdoa quot bang,1,2021-01-02,07:10:30,yasmeen1226,positive
455,hidup punya pilihan mati wajib bagi semua yg hidup,0,2021-01-02,09:09:49,eliyaajah,positive
456,sudahkah anda beobat dengan cara lebih memperhatikan kebaikan bersama selama masa pandemi dg ketat 3m dan ikut vaksin bila anda mendapatkan aksesnya itu untuk kebaikan bersama,0,2021-01-02,16:03:37,aelissa39,positive
457,monggo2 siapa mau jadi tikus percobaan,2,2021-01-02,06:08:41,hoirull,neutral
458,kalau nonton berita tolong lengkap ya semua sudah ada giliran masing2 sesuai prioritas nya jadi ga ada yang namanya tikus percobaan semua sudah lulus bpom juga,4,2021-01-02,06:15:39,jonathanarthur5939,neutral
459,orang yg suka komen begini hati nya ga bersih kelinci percobaan lah apa lah ngadi ngadi kalo g mau di vaksin ya diem aja kenapa sih,2,2021-01-02,06:26:15,lenibasri6219,negative
460,gak apa mayan ngurangin antrian,1,2021-01-02,06:34:03,tttdlll,neutral
461,contoh manusia berwawasan rendah nekat komen,2,2021-01-02,06:51:51,gigiharifjatmiko123,negative
462,tttdlll mantap sekali biar ngurangi antrian hahahaha,0,2021-01-02,06:58:29,hoirull,positive
463,first komen,3,2021-01-02,06:08:13,mahmudali8383,neutral
